id,first_name,last_name,email,gender,age
1,Morty,Fillingham,mfillingham0@nba.com,Non-binary,96
2,Berke,Chander,bchander1@infoseek.co.jp,Polygender,20
3,Vinson,Berthomieu,vberthomieu2@cnbc.com,Bigender,67
4,Rozalie,Davidavidovics,rdavidavidovics3@quantcast.com,Polygender,02
5,Eugenio,Lackemann,elackemann4@reference.com,Agender,73
6,Ruthie,Beretta,rberetta5@simplemachines.org,Genderfluid,72
7,Melisande,Kempstone,mkempstone6@mapquest.com,Genderqueer,00
8,Abbey,Kilner,akilner7@photobucket.com,Female,11
9,Thomasina,Janu,tjanu8@wordpress.org,Agender,82
10,Wallie,Elsmore,welsmore9@flavors.me,Genderqueer,82
11,Dag,Tilney,dtilneya@harvard.edu,Non-binary,45
12,Heinrick,Slessar,hslessarb@purevolume.com,Agender,74
13,Estevan,Aish,eaishc@plala.or.jp,Female,24
14,Carlen,Guilloux,cguillouxd@foxnews.com,Agender,73
15,Neile,Kings,nkingse@pagesperso-orange.fr,Bigender,36
16,Bendick,McCorrie,bmccorrief@europa.eu,Genderfluid,90
17,Rozina,Ghiroldi,rghiroldig@google.com.br,Genderqueer,58
18,Etty,Ife,eifeh@google.es,Genderfluid,58
19,Donavon,Cords,dcordsi@hp.com,Female,21
20,Dionysus,Lippett,dlippettj@flickr.com,Polygender,73
21,Robers,Scarlan,rscarlank@japanpost.jp,Female,71
22,Gigi,Hunting,ghuntingl@mozilla.com,Bigender,99
23,Rod,Skeates,rskeatesm@constantcontact.com,Agender,09
24,Chris,Kellert,ckellertn@sun.com,Polygender,79
25,Ruggiero,MacMarcuis,rmacmarcuiso@etsy.com,Genderfluid,24
26,Humphrey,Doull,hdoullp@facebook.com,Female,40
27,Bili,Brookfield,bbrookfieldq@weather.com,Genderfluid,85
28,Aron,Blakden,ablakdenr@spiegel.de,Genderfluid,56
29,Karoly,Bottelstone,kbottelstones@usnews.com,Non-binary,81
30,Shannon,Shinner,sshinnert@google.ca,Genderfluid,27
31,Will,Bonanno,wbonannou@cnet.com,Genderqueer,14
32,Vinson,Illyes,villyesv@ning.com,Genderfluid,41
33,Jessi,McCuaig,jmccuaigw@craigslist.org,Genderqueer,84
34,Lucien,Vyel,lvyelx@disqus.com,Genderfluid,86
35,Earvin,Bunney,ebunneyy@slate.com,Genderqueer,09
36,Daisy,MacKaig,dmackaigz@disqus.com,Female,40
37,Shurwood,Dallimare,sdallimare10@about.com,Male,72
38,Mercie,Isham,misham11@tinypic.com,Non-binary,63
39,Dannie,Pashe,dpashe12@google.com.br,Male,87
40,Adolphus,Ferrara,aferrara13@yellowpages.com,Genderfluid,09
41,Donielle,Hayer,dhayer14@ameblo.jp,Female,39
42,Luce,Seelbach,lseelbach15@biblegateway.com,Genderfluid,57
43,Nicholas,Knox,nknox16@ehow.com,Non-binary,79
44,Darnell,Begg,dbegg17@alibaba.com,Genderqueer,32
45,Steward,Kitching,skitching18@aboutads.info,Non-binary,25
46,Evelina,Skirrow,eskirrow19@com.com,Genderqueer,23
47,Lacey,Asch,lasch1a@sohu.com,Polygender,99
48,Skelly,McSwan,smcswan1b@nytimes.com,Non-binary,28
49,Brigida,De Beneditti,bdebeneditti1c@utexas.edu,Agender,09
50,Sly,Mullen,smullen1d@furl.net,Genderqueer,27
51,Bobbye,Goffe,bgoffe1e@sciencedaily.com,Bigender,26
52,Tiffy,Darracott,tdarracott1f@odnoklassniki.ru,Female,94
53,Hunt,Dodswell,hdodswell1g@pagesperso-orange.fr,Polygender,18
54,Viva,Coppard,vcoppard1h@arizona.edu,Agender,16
55,Keir,Schwant,kschwant1i@wikipedia.org,Agender,88
56,Solomon,Basili,sbasili1j@cisco.com,Male,73
57,Tommy,Sherrett,tsherrett1k@hatena.ne.jp,Female,83
58,Grace,Tritton,gtritton1l@msu.edu,Genderfluid,10
59,Beryl,MacGaughey,bmacgaughey1m@ihg.com,Male,16
60,Elnora,Franciotti,efranciotti1n@usatoday.com,Genderqueer,49
61,Anet,Burnel,aburnel1o@angelfire.com,Genderqueer,85
62,Dinny,Aizikovitch,daizikovitch1p@cnn.com,Bigender,13
63,Vivie,Emmatt,vemmatt1q@so-net.ne.jp,Genderqueer,06
64,Gian,Teeney,gteeney1r@answers.com,Non-binary,11
65,Terry,Wrate,twrate1s@liveinternet.ru,Genderqueer,26
66,Kurt,Bottrill,kbottrill1t@goo.gl,Bigender,22
67,Bo,Magnar,bmagnar1u@woothemes.com,Genderqueer,88
68,Caryl,Sheaf,csheaf1v@usa.gov,Polygender,59
69,Rabi,Rushby,rrushby1w@salon.com,Female,12
70,Tamas,Woof,twoof1x@hugedomains.com,Male,74
71,Kara-lynn,Plenderleith,kplenderleith1y@house.gov,Male,34
72,Aldis,Escritt,aescritt1z@biblegateway.com,Genderqueer,02
73,Ellswerth,Clynter,eclynter20@wiley.com,Male,10
74,Dolph,McCaughey,dmccaughey21@acquirethisname.com,Female,21
75,Tina,Moryson,tmoryson22@nymag.com,Genderqueer,94
76,Marigold,Emson,memson23@ed.gov,Bigender,21
77,Nancie,Whitnall,nwhitnall24@deviantart.com,Agender,78
78,Jedediah,Brum,jbrum25@canalblog.com,Genderqueer,71
79,Natalee,Hattam,nhattam26@cnet.com,Male,54
80,Arabel,Mabee,amabee27@paginegialle.it,Polygender,42
81,Diannne,Spargo,dspargo28@cdc.gov,Genderqueer,61
82,Austen,Crippell,acrippell29@patch.com,Bigender,87
83,Carmelle,Zecchii,czecchii2a@com.com,Non-binary,86
84,Davidson,McCobb,dmccobb2b@ihg.com,Genderqueer,17
85,Engracia,Sedge,esedge2c@yahoo.co.jp,Genderfluid,16
86,Alessandro,Makepeace,amakepeace2d@newsvine.com,Genderfluid,91
87,Reade,Darleston,rdarleston2e@phpbb.com,Non-binary,68
88,Chiquita,Swaddle,cswaddle2f@jimdo.com,Female,89
89,Kenton,Payle,kpayle2g@sogou.com,Non-binary,89
90,Murry,Coucha,mcoucha2h@dailymail.co.uk,Non-binary,22
91,Marsha,Flower,mflower2i@mozilla.com,Male,49
92,Massimiliano,Dumingo,mdumingo2j@meetup.com,Non-binary,19
93,Win,Jaye,wjaye2k@slate.com,Female,21
94,Andrej,Levy,alevy2l@unicef.org,Non-binary,37
95,Galvin,Ewles,gewles2m@sogou.com,Non-binary,17
96,Bendix,Gehrts,bgehrts2n@phpbb.com,Bigender,76
97,Prinz,Cellier,pcellier2o@gov.uk,Polygender,09
98,Meredith,Ethersey,methersey2p@booking.com,Agender,11
99,Allegra,Covil,acovil2q@yahoo.co.jp,Male,72
100,Amelita,Harper,aharper2r@angelfire.com,Female,54
101,Goldarina,Sanger,gsanger2s@macromedia.com,Genderfluid,69
102,Teri,Jollye,tjollye2t@senate.gov,Male,03
103,Jorie,Faulks,jfaulks2u@scribd.com,Polygender,04
104,Wadsworth,Howsan,whowsan2v@yolasite.com,Female,70
105,Sawyere,Atkinson,satkinson2w@ask.com,Non-binary,58
106,Fanni,Boswood,fboswood2x@google.es,Genderqueer,05
107,Brianna,Pinckney,bpinckney2y@psu.edu,Non-binary,23
108,Blake,Brewers,bbrewers2z@usa.gov,Polygender,66
109,Virgil,Stimson,vstimson30@gnu.org,Agender,65
110,Spenser,Scotson,sscotson31@xinhuanet.com,Agender,33
111,Kalila,Hay,khay32@upenn.edu,Polygender,48
112,Duncan,McAdam,dmcadam33@t-online.de,Agender,97
113,Beverly,Henrych,bhenrych34@apple.com,Genderfluid,51
114,Alvin,Woolfitt,awoolfitt35@google.nl,Agender,99
115,Ephrayim,Vasse,evasse36@reddit.com,Bigender,27
116,Jamie,Yeabsley,jyeabsley37@princeton.edu,Polygender,20
117,Keven,Elsmore,kelsmore38@scientificamerican.com,Bigender,44
118,Tome,Pigford,tpigford39@independent.co.uk,Non-binary,93
119,Blakeley,Phelan,bphelan3a@bloglovin.com,Non-binary,90
120,Ignazio,Bines,ibines3b@telegraph.co.uk,Non-binary,19
121,Brynn,Barnhart,bbarnhart3c@surveymonkey.com,Female,28
122,Tanny,Clutton,tclutton3d@naver.com,Agender,35
123,Fanchette,Vaissiere,fvaissiere3e@desdev.cn,Polygender,99
124,Lockwood,Pittam,lpittam3f@spiegel.de,Male,29
125,Felice,Sherrocks,fsherrocks3g@tmall.com,Female,01
126,Duncan,McCloch,dmccloch3h@ning.com,Agender,81
127,Lukas,Scotson,lscotson3i@state.tx.us,Bigender,25
128,Eunice,Wormstone,ewormstone3j@bigcartel.com,Genderfluid,22
129,Meade,Adger,madger3k@google.nl,Genderqueer,47
130,Huey,Loreit,hloreit3l@sohu.com,Male,92
131,Sybila,Butte,sbutte3m@google.pl,Bigender,76
132,Irvin,Hare,ihare3n@prlog.org,Genderqueer,06
133,Conny,Napleton,cnapleton3o@unicef.org,Agender,94
134,Candie,Spriggin,cspriggin3p@squarespace.com,Male,97
135,Shoshana,Mincini,smincini3q@sfgate.com,Non-binary,55
136,Rodd,Roubeix,rroubeix3r@tripadvisor.com,Polygender,77
137,Clarinda,Oldham,coldham3s@dion.ne.jp,Male,71
138,Kippy,Huscroft,khuscroft3t@fda.gov,Genderqueer,15
139,Jolee,Bromehead,jbromehead3u@furl.net,Female,02
140,Mile,Barlass,mbarlass3v@ocn.ne.jp,Bigender,09
141,Joceline,Forte,jforte3w@netscape.com,Polygender,35
142,Ainslee,Pochon,apochon3x@ihg.com,Male,17
143,Ahmed,Dilliston,adilliston3y@delicious.com,Female,22
144,Harriott,Faulds,hfaulds3z@businesswire.com,Bigender,01
145,Alayne,Wasylkiewicz,awasylkiewicz40@wikia.com,Genderfluid,66
146,Lindy,Micheau,lmicheau41@meetup.com,Bigender,90
147,Cirstoforo,Drei,cdrei42@barnesandnoble.com,Male,26
148,Gearard,Gregoriou,ggregoriou43@alibaba.com,Genderqueer,76
149,Lexine,De Antoni,ldeantoni44@tinypic.com,Genderqueer,64
150,Hirsch,Mixter,hmixter45@nifty.com,Female,30
151,Golda,Gregor,ggregor46@xing.com,Agender,36
152,Eleanore,Petyankin,epetyankin47@macromedia.com,Bigender,99
153,Michale,Murford,mmurford48@ycombinator.com,Non-binary,09
154,Nahum,Simenet,nsimenet49@sbwire.com,Genderfluid,78
155,Marci,Masham,mmasham4a@dedecms.com,Female,13
156,Eleonora,Martschke,emartschke4b@ucla.edu,Bigender,05
157,Jermayne,Baumadier,jbaumadier4c@cmu.edu,Polygender,66
158,Isidor,Wolfendell,iwolfendell4d@slideshare.net,Bigender,82
159,Aleda,Bridal,abridal4e@a8.net,Female,06
160,Douglas,Simnell,dsimnell4f@seesaa.net,Bigender,93
161,Gallard,McNerlin,gmcnerlin4g@soup.io,Agender,29
162,Angy,Sherebrooke,asherebrooke4h@bloglovin.com,Polygender,61
163,Ibby,Yves,iyves4i@123-reg.co.uk,Male,98
164,Austin,Neeves,aneeves4j@mlb.com,Polygender,92
165,Kailey,Amy,kamy4k@cnbc.com,Non-binary,67
166,Alexa,Cansdell,acansdell4l@w3.org,Male,46
167,Guntar,Baxill,gbaxill4m@netlog.com,Female,28
168,Adamo,Pollastrone,apollastrone4n@apple.com,Female,15
169,Brigham,Tregenna,btregenna4o@wired.com,Genderfluid,46
170,Millisent,Braizier,mbraizier4p@newyorker.com,Bigender,80
171,Abramo,Huleatt,ahuleatt4q@bizjournals.com,Male,40
172,Elene,Calverley,ecalverley4r@purevolume.com,Non-binary,93
173,Lance,Romer,lromer4s@patch.com,Genderqueer,30
174,Lorrie,Everly,leverly4t@lycos.com,Genderfluid,64
175,Allegra,Yandell,ayandell4u@mozilla.com,Genderqueer,46
176,Sharity,Abbiss,sabbiss4v@archive.org,Bigender,47
177,Bunnie,Glacken,bglacken4w@mayoclinic.com,Agender,45
178,Rolph,Orange,rorange4x@berkeley.edu,Genderfluid,33
179,Lesya,Mossop,lmossop4y@mlb.com,Genderfluid,48
180,Al,Volant,avolant4z@deviantart.com,Genderqueer,59
181,Vivienne,McKeowon,vmckeowon50@seesaa.net,Female,10
182,Jessee,McDuffie,jmcduffie51@diigo.com,Agender,13
183,Stevie,Skillanders,sskillanders52@histats.com,Non-binary,39
184,Harriott,Foresight,hforesight53@jimdo.com,Male,40
185,Hillary,Luttgert,hluttgert54@friendfeed.com,Male,40
186,Derwin,Stapleford,dstapleford55@etsy.com,Polygender,05
187,Glynn,Idenden,gidenden56@nymag.com,Genderfluid,05
188,Shandeigh,Beche,sbeche57@yellowpages.com,Agender,18
189,Aurel,Creggan,acreggan58@wordpress.com,Female,03
190,Marian,Cradey,mcradey59@imdb.com,Genderqueer,93
191,Randolph,McVanamy,rmcvanamy5a@tiny.cc,Polygender,79
192,Erskine,Dauber,edauber5b@nba.com,Polygender,45
193,Jaquelyn,Millichip,jmillichip5c@example.com,Female,28
194,Zuzana,Josefowicz,zjosefowicz5d@fotki.com,Agender,53
195,Haley,O'Hingerty,hohingerty5e@addtoany.com,Agender,29
196,Zondra,Waterhowse,zwaterhowse5f@quantcast.com,Non-binary,93
197,Tommie,Hartlebury,thartlebury5g@themeforest.net,Genderqueer,98
198,Morris,Lewsam,mlewsam5h@angelfire.com,Male,65
199,Cosme,Admans,cadmans5i@youtu.be,Bigender,99
200,Jessie,Threadgold,jthreadgold5j@bigcartel.com,Male,71
201,Hugues,Sterndale,hsterndale5k@livejournal.com,Genderqueer,77
202,Prince,Oxby,poxby5l@free.fr,Non-binary,24
203,Chloette,Sarfat,csarfat5m@oaic.gov.au,Bigender,08
204,Dino,Lasseter,dlasseter5n@bloglines.com,Agender,78
205,Geordie,Twelve,gtwelve5o@engadget.com,Genderfluid,90
206,Darill,Seear,dseear5p@google.de,Genderfluid,23
207,Haven,Ellery,hellery5q@dropbox.com,Genderfluid,54
208,Hy,Lagde,hlagde5r@youku.com,Genderfluid,73
209,Lucas,Fell,lfell5s@webnode.com,Genderqueer,15
210,Tillie,Staton,tstaton5t@netlog.com,Genderfluid,89
211,Eugenio,Swanger,eswanger5u@linkedin.com,Non-binary,94
212,Dougie,Cranmere,dcranmere5v@washingtonpost.com,Agender,82
213,Kriste,Lawie,klawie5w@studiopress.com,Bigender,32
214,Joeann,Bousfield,jbousfield5x@xinhuanet.com,Male,74
215,Lindsey,Reboul,lreboul5y@acquirethisname.com,Polygender,10
216,Waiter,Reiners,wreiners5z@about.com,Agender,72
217,Fanchette,Bridgland,fbridgland60@sun.com,Polygender,95
218,Penni,Mendenhall,pmendenhall61@epa.gov,Polygender,01
219,Tomlin,Ramstead,tramstead62@economist.com,Agender,23
220,Aguistin,Jimmes,ajimmes63@newyorker.com,Male,74
221,Raychel,Bentall,rbentall64@hubpages.com,Genderfluid,80
222,Ashleigh,Brackstone,abrackstone65@europa.eu,Non-binary,59
223,Park,Roiz,proiz66@ezinearticles.com,Genderfluid,27
224,Ryon,Ousby,rousby67@fc2.com,Genderqueer,10
225,Ulises,Buntain,ubuntain68@nih.gov,Female,06
226,Marion,Purslow,mpurslow69@tinypic.com,Male,35
227,Dexter,Elgar,delgar6a@cdc.gov,Male,99
228,Thayne,Christoffels,tchristoffels6b@a8.net,Female,98
229,Foss,Raynor,fraynor6c@nhs.uk,Agender,41
230,Yolane,Patshull,ypatshull6d@vimeo.com,Genderfluid,60
231,Petunia,Jancso,pjancso6e@nbcnews.com,Male,22
232,Delmar,Hughes,dhughes6f@ameblo.jp,Polygender,96
233,Savina,Short,sshort6g@mapquest.com,Genderfluid,94
234,Franky,Ludron,fludron6h@delicious.com,Polygender,60
235,Almeda,Bannester,abannester6i@forbes.com,Agender,99
236,Kim,Kiely,kkiely6j@vistaprint.com,Polygender,17
237,Ynes,Cristou,ycristou6k@mysql.com,Polygender,69
238,Kass,Uzelli,kuzelli6l@go.com,Polygender,85
239,Wilona,Vautrey,wvautrey6m@mit.edu,Polygender,87
240,Evonne,McTrustey,emctrustey6n@lulu.com,Genderqueer,94
241,Simona,Blackster,sblackster6o@sun.com,Agender,26
242,Corilla,Campanelli,ccampanelli6p@linkedin.com,Bigender,12
243,Jennifer,Poore,jpoore6q@sakura.ne.jp,Genderqueer,46
244,Sawyere,Michelet,smichelet6r@shop-pro.jp,Female,69
245,Trudy,Frowd,tfrowd6s@yelp.com,Agender,92
246,Massimo,Dommersen,mdommersen6t@microsoft.com,Female,69
247,Merissa,Extence,mextence6u@noaa.gov,Non-binary,51
248,Lauri,Jereatt,ljereatt6v@vk.com,Genderqueer,68
249,Christina,Lailey,clailey6w@newyorker.com,Non-binary,40
250,Angelina,Kastel,akastel6x@hibu.com,Polygender,49
251,Hermann,Baselio,hbaselio6y@timesonline.co.uk,Agender,28
252,Conney,Raynton,craynton6z@ezinearticles.com,Female,97
253,Benyamin,Pepperrall,bpepperrall70@livejournal.com,Non-binary,39
254,Brenda,Shurrocks,bshurrocks71@thetimes.co.uk,Genderqueer,04
255,Massimiliano,Tourot,mtourot72@newsvine.com,Male,46
256,Bronnie,Groneway,bgroneway73@opera.com,Genderfluid,39
257,Corenda,Esh,cesh74@wisc.edu,Bigender,26
258,Tam,Milligan,tmilligan75@theguardian.com,Genderqueer,26
259,Phylis,Greenlees,pgreenlees76@booking.com,Non-binary,62
260,Tome,Sunderland,tsunderland77@e-recht24.de,Genderfluid,98
261,Skye,Townsley,stownsley78@google.de,Genderfluid,21
262,Teressa,Stotherfield,tstotherfield79@bloomberg.com,Male,31
263,Fredelia,O'Hare,fohare7a@house.gov,Female,98
264,Eadie,Mattiuzzi,emattiuzzi7b@state.gov,Bigender,80
265,Delia,Izzard,dizzard7c@cisco.com,Genderqueer,03
266,Rex,Yakovliv,ryakovliv7d@buzzfeed.com,Non-binary,42
267,Rinaldo,Urry,rurry7e@e-recht24.de,Male,71
268,Kirbie,Biskupski,kbiskupski7f@amazonaws.com,Non-binary,64
269,Mychal,Oxterby,moxterby7g@paginegialle.it,Genderfluid,49
270,Lexie,Roloff,lroloff7h@boston.com,Bigender,30
271,Hetty,Atte-Stone,hattestone7i@etsy.com,Agender,21
272,Sophi,Jurick,sjurick7j@facebook.com,Bigender,85
273,Angelina,Dax,adax7k@house.gov,Agender,36
274,Clementina,Westgarth,cwestgarth7l@ucoz.ru,Polygender,59
275,Erna,Exeter,eexeter7m@youtube.com,Bigender,33
276,Rochester,Wahner,rwahner7n@bbc.co.uk,Female,03
277,Ginevra,Ribbon,gribbon7o@noaa.gov,Genderfluid,98
278,Jerad,Bixley,jbixley7p@php.net,Genderfluid,05
279,Olav,Filewood,ofilewood7q@nifty.com,Non-binary,15
280,Marci,Glusby,mglusby7r@cnn.com,Female,80
281,Trista,Sinton,tsinton7s@instagram.com,Genderfluid,80
282,Erinn,Hasty,ehasty7t@hubpages.com,Male,09
283,Farris,Sheryne,fsheryne7u@msn.com,Genderqueer,20
284,Windham,Cowely,wcowely7v@flavors.me,Male,94
285,Ingunna,Kielt,ikielt7w@europa.eu,Polygender,94
286,Timoteo,Haddrill,thaddrill7x@ustream.tv,Polygender,72
287,Elsbeth,Kilgrove,ekilgrove7y@addtoany.com,Agender,20
288,Kelsy,Pebworth,kpebworth7z@clickbank.net,Bigender,42
289,Riannon,Savin,rsavin80@arstechnica.com,Female,78
290,Roseanne,Braitling,rbraitling81@lycos.com,Genderfluid,75
291,Katti,Baford,kbaford82@shareasale.com,Bigender,66
292,Chrissy,Lovekin,clovekin83@exblog.jp,Polygender,82
293,Giselle,Very,gvery84@google.ca,Polygender,95
294,Kirsteni,Lanham,klanham85@acquirethisname.com,Agender,19
295,Alisun,Kendle,akendle86@google.ru,Genderqueer,86
296,Kiel,Hillborne,khillborne87@prlog.org,Polygender,20
297,Minette,Ferber,mferber88@upenn.edu,Female,83
298,Boy,Longford,blongford89@loc.gov,Polygender,95
299,Korella,Nys,knys8a@live.com,Non-binary,63
300,Merna,Godthaab,mgodthaab8b@prnewswire.com,Bigender,19
301,Derrek,Orvis,dorvis8c@time.com,Agender,35
302,Cayla,Lloyd-Williams,clloydwilliams8d@netlog.com,Agender,62
303,Derby,Snelgrove,dsnelgrove8e@nasa.gov,Polygender,56
304,Rina,Giriardelli,rgiriardelli8f@slate.com,Polygender,21
305,Aloisia,Sunner,asunner8g@mozilla.org,Bigender,03
306,Carmelina,Ramas,cramas8h@comsenz.com,Genderfluid,39
307,Georgetta,Niche,gniche8i@dot.gov,Non-binary,93
308,Flori,Chinge de Hals,fchingedehals8j@mtv.com,Genderfluid,03
309,Saunders,Eisikovitsh,seisikovitsh8k@bloglovin.com,Genderfluid,25
310,Noby,Kaines,nkaines8l@ted.com,Polygender,54
311,Lesley,Hayth,lhayth8m@guardian.co.uk,Polygender,95
312,Cathyleen,Goalby,cgoalby8n@fda.gov,Genderfluid,18
313,Dierdre,Aizlewood,daizlewood8o@dailymail.co.uk,Male,99
314,Wilone,Fessler,wfessler8p@si.edu,Male,48
315,Ethan,Dunthorn,edunthorn8q@qq.com,Bigender,26
316,Gabbi,Gunn,ggunn8r@blogger.com,Polygender,12
317,Cosme,Inwood,cinwood8s@usatoday.com,Genderqueer,89
318,Monte,Larking,mlarking8t@networksolutions.com,Genderqueer,16
319,Hilary,Stickel,hstickel8u@1und1.de,Bigender,00
320,Debee,Poker,dpoker8v@reference.com,Genderfluid,24
321,Kelli,Upchurch,kupchurch8w@mysql.com,Bigender,25
322,Theodora,Sainz,tsainz8x@ucla.edu,Agender,72
323,Romonda,Blenkinsop,rblenkinsop8y@wikia.com,Polygender,46
324,Fiann,Oda,foda8z@printfriendly.com,Male,60
325,Carissa,Nockles,cnockles90@w3.org,Agender,65
326,Nicole,Myott,nmyott91@mtv.com,Genderfluid,09
327,Sarine,McGarrahan,smcgarrahan92@twitter.com,Genderfluid,95
328,Alissa,Brettle,abrettle93@admin.ch,Agender,59
329,Maxie,Hellmer,mhellmer94@hhs.gov,Agender,65
330,Laurent,Damiata,ldamiata95@geocities.com,Bigender,85
331,Corrina,Branson,cbranson96@goodreads.com,Female,50
332,Siegfried,Harrell,sharrell97@rambler.ru,Female,67
333,Kelila,Fudge,kfudge98@wunderground.com,Genderqueer,24
334,Rowen,Jones,rjones99@nba.com,Agender,15
335,Marys,Hilliam,mhilliam9a@nih.gov,Male,70
336,Colby,Akenhead,cakenhead9b@dyndns.org,Non-binary,38
337,Lynnea,Lee,llee9c@washingtonpost.com,Female,07
338,Tiffy,Brownsall,tbrownsall9d@zimbio.com,Genderqueer,53
339,Kennith,Start,kstart9e@vistaprint.com,Non-binary,65
340,Margaretha,Gabbat,mgabbat9f@intel.com,Polygender,64
341,Edith,O'Looney,eolooney9g@wikimedia.org,Male,05
342,Paulie,Berndsen,pberndsen9h@t.co,Genderfluid,90
343,Kikelia,Harron,kharron9i@toplist.cz,Bigender,81
344,Doe,Eseler,deseler9j@rakuten.co.jp,Non-binary,19
345,Morgan,Pitcock,mpitcock9k@so-net.ne.jp,Polygender,26
346,Max,Alway,malway9l@redcross.org,Genderfluid,13
347,Mel,Scolland,mscolland9m@cbc.ca,Genderqueer,34
348,Stanleigh,Hurndall,shurndall9n@fema.gov,Male,62
349,Gabby,Tolputt,gtolputt9o@nifty.com,Agender,95
350,Gerrie,Rivard,grivard9p@blogger.com,Female,26
351,Abie,Sproule,asproule9q@ucsd.edu,Agender,92
352,Bunnie,Pennicard,bpennicard9r@biblegateway.com,Female,33
353,Idelle,Robillard,irobillard9s@salon.com,Genderfluid,99
354,Cass,Ellens,cellens9t@eepurl.com,Genderfluid,68
355,Dredi,Chevolleau,dchevolleau9u@youtube.com,Non-binary,41
356,Crissie,Mableson,cmableson9v@xinhuanet.com,Female,29
357,Hildagarde,Azema,hazema9w@woothemes.com,Genderqueer,19
358,Coreen,Gaylard,cgaylard9x@patch.com,Bigender,84
359,Karrie,Bilovsky,kbilovsky9y@ehow.com,Bigender,64
360,Ximenez,Devons,xdevons9z@mail.ru,Genderfluid,87
361,Dewie,Rosenkranc,drosenkranca0@github.io,Genderfluid,19
362,Addie,Gleadhall,agleadhalla1@paypal.com,Genderqueer,00
363,Al,Weathers,aweathersa2@slideshare.net,Polygender,15
364,Delaney,Ossenna,dossennaa3@state.tx.us,Non-binary,91
365,Fidelio,Cockitt,fcockitta4@zdnet.com,Genderfluid,68
366,Noby,Pickhaver,npickhavera5@arizona.edu,Agender,07
367,Alain,Sivyour,asivyoura6@bloglovin.com,Genderfluid,21
368,Whit,Piesing,wpiesinga7@omniture.com,Male,44
369,Pippy,Lawlor,plawlora8@theatlantic.com,Polygender,25
370,Vivie,Orrell,vorrella9@walmart.com,Polygender,68
371,Glennie,Blanko,gblankoaa@unesco.org,Female,12
372,Vitia,Morse,vmorseab@ehow.com,Genderqueer,80
373,Nicolais,Oulet,nouletac@jalbum.net,Genderfluid,67
374,Filmore,Jelf,fjelfad@blogs.com,Agender,03
375,Linet,MacFall,lmacfallae@sfgate.com,Non-binary,41
376,Merna,Levi,mleviaf@w3.org,Genderqueer,75
377,Sheena,Anfusso,sanfussoag@hhs.gov,Polygender,45
378,Fabio,Sanger,fsangerah@slate.com,Polygender,70
379,Isidro,Wooler,iwoolerai@mediafire.com,Genderqueer,09
380,Arman,Dencs,adencsaj@taobao.com,Male,09
381,Remington,Camerello,rcamerelloak@liveinternet.ru,Male,61
382,Amalie,De la Harpe,adelaharpeal@eventbrite.com,Genderqueer,30
383,Eunice,Phinnis,ephinnisam@forbes.com,Agender,00
384,Neysa,Mc Caughen,nmccaughenan@trellian.com,Agender,25
385,Boone,Danniell,bdanniellao@ucoz.com,Non-binary,29
386,Velma,Tomasz,vtomaszap@linkedin.com,Non-binary,39
387,Annadiane,Gerasch,ageraschaq@behance.net,Male,90
388,Margaux,Cresser,mcresserar@amazon.com,Genderfluid,36
389,Karita,Balleine,kballeineas@alibaba.com,Male,37
390,Shanda,Stearn,sstearnat@deliciousdays.com,Genderfluid,05
391,Stefa,McColl,smccollau@github.com,Bigender,07
392,Blinni,Catterall,bcatterallav@senate.gov,Male,33
393,Jaquenetta,Brigdale,jbrigdaleaw@epa.gov,Female,32
394,Biddy,Aiskrigg,baiskriggax@de.vu,Male,17
395,Valida,Deerr,vdeerray@bloomberg.com,Non-binary,36
396,Catharine,Cisco,cciscoaz@skyrock.com,Non-binary,53
397,Lexis,Alliot,lalliotb0@wp.com,Polygender,12
398,Noell,Sebring,nsebringb1@blinklist.com,Polygender,24
399,Orsola,Casely,ocaselyb2@fema.gov,Male,52
400,Cornela,Ert,certb3@furl.net,Genderqueer,14
401,Lezlie,Lacroux,llacrouxb4@parallels.com,Male,77
402,Eran,Dmitrichenko,edmitrichenkob5@icio.us,Bigender,05
403,Polly,Pearsey,ppearseyb6@discovery.com,Non-binary,86
404,Wallie,Mumby,wmumbyb7@webmd.com,Bigender,43
405,Neils,Tracey,ntraceyb8@unicef.org,Genderfluid,95
406,Erin,Suarez,esuarezb9@list-manage.com,Polygender,57
407,Traver,Coggings,tcoggingsba@yahoo.co.jp,Agender,69
408,Katrine,Megarry,kmegarrybb@vimeo.com,Agender,90
409,Sisile,Tomblin,stomblinbc@typepad.com,Female,75
410,Win,Tomley,wtomleybd@tmall.com,Male,50
411,Ade,Tew,atewbe@foxnews.com,Genderqueer,01
412,Gizela,McCauley,gmccauleybf@opera.com,Polygender,17
413,Katy,Hallas,khallasbg@tamu.edu,Non-binary,74
414,Timmy,Bercevelo,tbercevelobh@sina.com.cn,Genderfluid,53
415,Pepi,Charlotte,pcharlottebi@fc2.com,Non-binary,72
416,Tallulah,Ducker,tduckerbj@dailymotion.com,Bigender,66
417,Calv,De Lisle,cdelislebk@phoca.cz,Polygender,32
418,Cherri,Beeswing,cbeeswingbl@tinypic.com,Non-binary,36
419,Cris,Chene,cchenebm@hostgator.com,Non-binary,00
420,Emmy,Pittoli,epittolibn@weebly.com,Genderfluid,14
421,Celisse,Starmont,cstarmontbo@geocities.jp,Female,96
422,Dame,Bisterfeld,dbisterfeldbp@ocn.ne.jp,Bigender,21
423,Elden,Breacher,ebreacherbq@cornell.edu,Genderqueer,01
424,Sherry,Digman,sdigmanbr@netvibes.com,Bigender,08
425,Ashley,Carlet,acarletbs@ox.ac.uk,Non-binary,44
426,Mabelle,Sissel,msisselbt@cbsnews.com,Bigender,51
427,Monica,Cocklie,mcockliebu@phpbb.com,Polygender,80
428,Muffin,Cotherill,mcotherillbv@nydailynews.com,Genderqueer,94
429,Latrina,Drewell,ldrewellbw@marriott.com,Bigender,39
430,Elysha,Chrisp,echrispbx@utexas.edu,Agender,31
431,Zeb,Cribbins,zcribbinsby@sciencedirect.com,Genderfluid,26
432,Sharia,Onn,sonnbz@nationalgeographic.com,Female,24
433,Christian,Standrin,cstandrinc0@oracle.com,Genderqueer,67
434,Nicolai,Casperri,ncasperric1@yahoo.com,Non-binary,16
435,Tami,Burry,tburryc2@cafepress.com,Bigender,66
436,Caralie,Drewett,cdrewettc3@sohu.com,Non-binary,40
437,Bili,Blenkensop,bblenkensopc4@arizona.edu,Agender,68
438,Karole,Maryman,kmarymanc5@google.com.br,Genderfluid,11
439,Cathleen,Terbruggen,cterbruggenc6@hibu.com,Female,54
440,Teresita,Bampkin,tbampkinc7@miitbeian.gov.cn,Genderfluid,01
441,Ellie,Allpress,eallpressc8@i2i.jp,Polygender,34
442,Neda,Balfe,nbalfec9@infoseek.co.jp,Male,24
443,Gertruda,Cheevers,gcheeversca@apache.org,Bigender,87
444,Val,Stears,vstearscb@squidoo.com,Genderfluid,57
445,Dalia,Causby,dcausbycc@noaa.gov,Polygender,74
446,Nettie,Guirardin,nguirardincd@merriam-webster.com,Male,83
447,Alfi,Harriman,aharrimance@photobucket.com,Bigender,31
448,Ezra,MacArd,emacardcf@telegraph.co.uk,Agender,61
449,Shurlocke,Goodchild,sgoodchildcg@alibaba.com,Female,25
450,Ginger,Alcott,galcottch@washington.edu,Male,85
451,Garrot,Danielli,gdaniellici@irs.gov,Bigender,56
452,Hedwiga,Groom,hgroomcj@hostgator.com,Bigender,87
453,Maurizia,Plues,mpluesck@delicious.com,Non-binary,17
454,Alvinia,Spaduzza,aspaduzzacl@360.cn,Agender,56
455,Edgardo,Hatch,ehatchcm@state.gov,Female,32
456,Bertine,Wheatcroft,bwheatcroftcn@flickr.com,Polygender,06
457,Etheline,Podbury,epodburyco@telegraph.co.uk,Male,79
458,Mommy,Hurle,mhurlecp@marketwatch.com,Female,35
459,Orrin,Tesh,oteshcq@gov.uk,Female,11
460,Hendrik,Hutcheons,hhutcheonscr@nyu.edu,Male,66
461,Darnall,Esberger,desbergercs@scribd.com,Polygender,01
462,Lurlene,Garrique,lgarriquect@loc.gov,Genderfluid,78
463,Nicoline,Witt,nwittcu@ehow.com,Non-binary,15
464,Martha,Trevain,mtrevaincv@vinaora.com,Genderfluid,83
465,Tobit,Balfre,tbalfrecw@hao123.com,Polygender,99
466,Court,Cressy,ccressycx@delicious.com,Female,23
467,Auroora,Keetley,akeetleycy@people.com.cn,Male,51
468,Kaila,Hlavecek,khlavecekcz@marriott.com,Non-binary,36
469,Aleta,Piddle,apiddled0@cnbc.com,Agender,31
470,Ardyth,Byas,abyasd1@harvard.edu,Bigender,41
471,Juli,Edgecombe,jedgecombed2@home.pl,Bigender,75
472,Ruben,Bridal,rbridald3@paginegialle.it,Male,05
473,Ezekiel,Airs,eairsd4@free.fr,Non-binary,48
474,Evy,Dingwall,edingwalld5@cocolog-nifty.com,Agender,09
475,Wilek,Dene,wdened6@arstechnica.com,Polygender,48
476,Leanna,Haigh,lhaighd7@pinterest.com,Non-binary,75
477,Krishna,Simonsson,ksimonssond8@state.gov,Genderqueer,68
478,Joy,Hay,jhayd9@yelp.com,Non-binary,60
479,Charmion,Radeliffe,cradeliffeda@tiny.cc,Agender,87
480,Adiana,Delion,adeliondb@npr.org,Bigender,62
481,Anissa,Daen,adaendc@tumblr.com,Bigender,17
482,Wat,Jovicevic,wjovicevicdd@qq.com,Agender,18
483,Ede,Giraldon,egiraldonde@indiatimes.com,Female,59
484,Ana,Siburn,asiburndf@posterous.com,Genderfluid,09
485,Jules,Keiley,jkeileydg@boston.com,Genderfluid,78
486,Noel,Lindell,nlindelldh@imdb.com,Agender,15
487,Robinia,Ings,ringsdi@behance.net,Female,20
488,Graeme,McGettrick,gmcgettrickdj@unc.edu,Genderfluid,13
489,Poppy,Camier,pcamierdk@nyu.edu,Male,75
490,Bruno,Scrigmour,bscrigmourdl@meetup.com,Agender,22
491,Delia,Hurt,dhurtdm@irs.gov,Female,68
492,Barbee,Dullingham,bdullinghamdn@indiegogo.com,Genderfluid,91
493,Esther,Iddens,eiddensdo@live.com,Genderfluid,90
494,Mack,Abbotson,mabbotsondp@constantcontact.com,Male,67
495,Tucker,Aynold,taynolddq@patch.com,Non-binary,12
496,Bibby,Artharg,barthargdr@1688.com,Female,44
497,Laurella,Manach,lmanachds@eventbrite.com,Agender,80
498,Margalit,Rubinovitch,mrubinovitchdt@dion.ne.jp,Genderfluid,95
499,Papagena,Grinstead,pgrinsteaddu@fastcompany.com,Polygender,72
500,Shaylah,Duerdin,sduerdindv@scientificamerican.com,Female,81
501,Iggie,Elmar,ielmardw@geocities.jp,Male,95
502,Dun,MacAdie,dmacadiedx@samsung.com,Bigender,34
503,Debra,Godthaab,dgodthaabdy@skype.com,Bigender,09
504,Caresa,Raw,crawdz@oracle.com,Bigender,11
505,Stanfield,Kluger,sklugere0@java.com,Agender,51
506,Keith,Normanvill,knormanville1@clickbank.net,Agender,20
507,Ric,Bennion,rbennione2@yahoo.com,Agender,63
508,See,Louis,slouise3@surveymonkey.com,Genderfluid,92
509,Madella,Bringloe,mbringloee4@springer.com,Female,44
510,Jackie,McConnulty,jmcconnultye5@usda.gov,Bigender,48
511,Fredelia,Brickner,fbricknere6@cafepress.com,Bigender,31
512,Andres,Holehouse,aholehousee7@xrea.com,Bigender,20
513,Sheff,Leeson,sleesone8@parallels.com,Female,04
514,Staford,Ernke,sernkee9@google.ca,Polygender,37
515,Berthe,Ions,bionsea@state.gov,Non-binary,29
516,Nikolas,Waudby,nwaudbyeb@ucoz.ru,Male,85
517,Amberly,Allenson,aallensonec@scientificamerican.com,Genderfluid,61
518,Eldon,Bratch,ebratched@aboutads.info,Female,31
519,Danika,Blunn,dblunnee@hhs.gov,Bigender,22
520,Tim,McGurk,tmcgurkef@flavors.me,Agender,54
521,Pia,Tembey,ptembeyeg@bloomberg.com,Genderqueer,00
522,Kate,Bodley,kbodleyeh@bandcamp.com,Non-binary,08
523,Danna,Houndson,dhoundsonei@abc.net.au,Female,29
524,Faunie,Weedall,fweedallej@theglobeandmail.com,Genderqueer,68
525,Cesaro,Ackenhead,cackenheadek@github.com,Female,77
526,Mela,Cleef,mcleefel@cyberchimps.com,Non-binary,04
527,Gibbie,Sannes,gsannesem@elegantthemes.com,Bigender,94
528,Lynnet,Hess,lhessen@smh.com.au,Genderqueer,98
529,Katya,Desforges,kdesforgeseo@reverbnation.com,Non-binary,73
530,Nikki,Bengtsson,nbengtssonep@businessinsider.com,Agender,60
531,Lorette,Sinfield,lsinfieldeq@ibm.com,Agender,89
532,Brody,Paley,bpaleyer@alexa.com,Male,32
533,Dawn,Fenck,dfenckes@omniture.com,Genderfluid,96
534,Hanni,Shimman,hshimmanet@wordpress.org,Genderfluid,42
535,Yolanda,Mallabund,ymallabundeu@seattletimes.com,Genderqueer,57
536,Magnum,Goode,mgoodeev@apple.com,Female,00
537,Vlad,Sammon,vsammonew@ox.ac.uk,Agender,77
538,Charla,Pirdue,cpirdueex@salon.com,Bigender,41
539,Rory,McGrah,rmcgrahey@house.gov,Female,85
540,Dell,Twiddle,dtwiddleez@nytimes.com,Genderfluid,16
541,Lyssa,Pydcock,lpydcockf0@qq.com,Agender,29
542,Broddy,Wilce,bwilcef1@clickbank.net,Bigender,52
543,Bax,Tomisch,btomischf2@github.com,Bigender,86
544,Alys,Carcass,acarcassf3@about.me,Genderqueer,41
545,Penn,Maddocks,pmaddocksf4@phpbb.com,Polygender,59
546,Thorsten,Roggers,troggersf5@xrea.com,Non-binary,22
547,Dorisa,Metcalfe,dmetcalfef6@hp.com,Bigender,62
548,Donn,Hollidge,dhollidgef7@homestead.com,Agender,64
549,Merola,Constable,mconstablef8@discuz.net,Female,98
550,Isa,Rosettini,irosettinif9@miibeian.gov.cn,Female,22
551,Zebadiah,Peppett,zpeppettfa@360.cn,Genderqueer,26
552,Arlie,Troillet,atroilletfb@mail.ru,Genderqueer,19
553,Oralla,Jessop,ojessopfc@senate.gov,Bigender,17
554,Shane,de Glanville,sdeglanvillefd@eventbrite.com,Genderfluid,19
555,Salli,Bau,sbaufe@dion.ne.jp,Female,40
556,Ericha,Stenner,estennerff@addtoany.com,Polygender,84
557,Seline,Wellbank,swellbankfg@usda.gov,Male,10
558,Arney,Rameaux,arameauxfh@house.gov,Genderfluid,96
559,Donnie,Lightwing,dlightwingfi@furl.net,Genderqueer,65
560,Marja,Coslett,mcoslettfj@plala.or.jp,Male,81
561,Arri,McKenney,amckenneyfk@reddit.com,Female,52
562,Tobiah,Sleeford,tsleefordfl@craigslist.org,Genderfluid,41
563,Eloise,Seear,eseearfm@phoca.cz,Genderfluid,48
564,Pattie,Deerr,pdeerrfn@buzzfeed.com,Bigender,93
565,Barris,Dashwood,bdashwoodfo@hexun.com,Agender,75
566,Mariam,Hennemann,mhennemannfp@blogspot.com,Male,81
567,Hannah,Choudhury,hchoudhuryfq@xing.com,Non-binary,47
568,Ari,Chestle,achestlefr@sakura.ne.jp,Agender,21
569,Shurlock,Gronav,sgronavfs@craigslist.org,Non-binary,22
570,Tammy,Braithwait,tbraithwaitft@hc360.com,Bigender,27
571,Michail,Mindenhall,mmindenhallfu@cnn.com,Non-binary,29
572,Rivi,Labusquiere,rlabusquierefv@nba.com,Genderqueer,36
573,Carrie,Sinclair,csinclairfw@ebay.co.uk,Agender,49
574,Nolan,Tarbet,ntarbetfx@bloomberg.com,Genderfluid,96
575,Wyn,Vasovic,wvasovicfy@wikispaces.com,Polygender,58
576,Juditha,Witts,jwittsfz@columbia.edu,Agender,07
577,Alvinia,Veelers,aveelersg0@springer.com,Non-binary,96
578,Brana,Bodleigh,bbodleighg1@ameblo.jp,Male,39
579,Hazel,Studdeard,hstuddeardg2@amazonaws.com,Genderfluid,85
580,Claudelle,Gatty,cgattyg3@purevolume.com,Genderfluid,00
581,Eveleen,Heinel,eheinelg4@fotki.com,Polygender,78
582,Lorene,Tilburn,ltilburng5@independent.co.uk,Genderfluid,54
583,Livvie,Commusso,lcommussog6@ifeng.com,Non-binary,54
584,Pansy,Ghidoni,pghidonig7@goodreads.com,Genderqueer,30
585,Pierrette,Fowells,pfowellsg8@technorati.com,Non-binary,27
586,Halsy,Truscott,htruscottg9@theatlantic.com,Bigender,33
587,Lavinia,Capner,lcapnerga@va.gov,Female,46
588,Joeann,Alsina,jalsinagb@squidoo.com,Polygender,40
589,Bibi,Giovanardi,bgiovanardigc@nsw.gov.au,Genderfluid,60
590,Hanan,Hubbins,hhubbinsgd@diigo.com,Polygender,77
591,Karina,Peniman,kpenimange@1und1.de,Bigender,24
592,Lilla,Nickless,lnicklessgf@eepurl.com,Non-binary,88
593,Tori,Hellis,thellisgg@shutterfly.com,Polygender,62
594,Mercy,Older,moldergh@craigslist.org,Female,28
595,Daryn,Vondrak,dvondrakgi@thetimes.co.uk,Genderqueer,20
596,Hieronymus,Medendorp,hmedendorpgj@dailymotion.com,Bigender,87
597,Aubine,Siddle,asiddlegk@nasa.gov,Female,70
598,Bertina,Tappin,btappingl@ustream.tv,Female,93
599,Marshal,Scamel,mscamelgm@ustream.tv,Polygender,71
600,Mervin,Ottiwill,mottiwillgn@cyberchimps.com,Non-binary,70
601,Cynthie,Arnall,carnallgo@sakura.ne.jp,Genderfluid,54
602,Devina,MacVean,dmacveangp@tiny.cc,Genderfluid,25
603,Ruthann,Satchell,rsatchellgq@bbc.co.uk,Genderqueer,98
604,Vivia,Dupre,vdupregr@twitter.com,Agender,71
605,Forrest,Macari,fmacarigs@goo.ne.jp,Genderfluid,40
606,Leanor,Bellows,lbellowsgt@nhs.uk,Non-binary,97
607,Margit,Domelow,mdomelowgu@shutterfly.com,Bigender,02
608,Kamilah,Stocks,kstocksgv@hhs.gov,Bigender,88
609,Barde,Coggen,bcoggengw@constantcontact.com,Genderqueer,47
610,Paula,Anthony,panthonygx@eepurl.com,Male,52
611,Tyrone,Habble,thabblegy@mtv.com,Bigender,61
612,Farr,Heskins,fheskinsgz@mayoclinic.com,Non-binary,14
613,Minette,Hanster,mhansterh0@hubpages.com,Polygender,67
614,Eda,Eacle,eeacleh1@ucla.edu,Genderqueer,07
615,Lorry,Jentle,ljentleh2@cisco.com,Non-binary,74
616,Craig,Manicomb,cmanicombh3@youku.com,Polygender,40
617,Filippa,Whate,fwhateh4@free.fr,Genderfluid,55
618,Garland,Casaro,gcasaroh5@trellian.com,Female,56
619,Benn,Longmuir,blongmuirh6@fastcompany.com,Non-binary,14
620,Donnajean,Castellan,dcastellanh7@xing.com,Polygender,95
621,Seward,Nazaret,snazareth8@un.org,Non-binary,70
622,Maurine,Husby,mhusbyh9@histats.com,Agender,69
623,Maureene,Charlesworth,mcharlesworthha@blogs.com,Bigender,77
624,Janos,Muggleston,jmugglestonhb@goodreads.com,Bigender,03
625,Ricardo,Outibridge,routibridgehc@china.com.cn,Agender,22
626,Lonnie,Brinded,lbrindedhd@guardian.co.uk,Agender,54
627,Benedicta,Allday,balldayhe@amazon.co.uk,Polygender,12
628,Heinrick,Dulson,hdulsonhf@bandcamp.com,Bigender,86
629,Seward,Witty,swittyhg@pagesperso-orange.fr,Genderfluid,00
630,Arnie,Prose,aprosehh@deliciousdays.com,Bigender,70
631,Darrick,Hurdedge,dhurdedgehi@instagram.com,Female,09
632,Averil,Lowres,alowreshj@uiuc.edu,Non-binary,10
633,Randi,Fernihough,rfernihoughhk@java.com,Agender,42
634,Xenia,Serjent,xserjenthl@economist.com,Genderfluid,95
635,Susan,Scholte,sscholtehm@photobucket.com,Genderfluid,81
636,Jeana,Stacey,jstaceyhn@youku.com,Bigender,74
637,Karlee,Gath,kgathho@usatoday.com,Agender,58
638,Carlina,Mulles,cmulleshp@princeton.edu,Non-binary,22
639,Darci,Juszczak,djuszczakhq@usa.gov,Non-binary,79
640,Malinde,Colleran,mcolleranhr@usgs.gov,Genderfluid,23
641,Jonell,Cotmore,jcotmorehs@fc2.com,Agender,93
642,Lawton,Weatherhill,lweatherhillht@fda.gov,Female,50
643,Sharia,Castleton,scastletonhu@typepad.com,Female,46
644,Dionisio,Lage,dlagehv@yellowbook.com,Female,68
645,Felisha,Mongenot,fmongenothw@about.me,Bigender,24
646,Matilde,Blaszczyk,mblaszczykhx@ucoz.ru,Non-binary,17
647,Mair,Hagard,mhagardhy@xinhuanet.com,Polygender,50
648,Kamila,Heinlein,kheinleinhz@eventbrite.com,Genderfluid,41
649,Garnet,Andre,gandrei0@bravesites.com,Female,23
650,Irv,Bohin,ibohini1@sogou.com,Male,87
651,Robyn,Renhard,rrenhardi2@ifeng.com,Non-binary,47
652,Cristine,Syder,csyderi3@people.com.cn,Genderqueer,56
653,Brand,Tadlow,btadlowi4@un.org,Non-binary,04
654,Alf,Canepe,acanepei5@angelfire.com,Polygender,08
655,Hillard,Chasier,hchasieri6@cisco.com,Genderqueer,99
656,Estevan,Langridge,elangridgei7@hexun.com,Male,34
657,Tallie,Pawling,tpawlingi8@java.com,Female,13
658,Silas,Clemetts,sclemettsi9@yahoo.com,Genderqueer,04
659,Jojo,Ambroix,jambroixia@usa.gov,Bigender,19
660,Shadow,Wawer,swawerib@issuu.com,Non-binary,07
661,Shea,Krop,skropic@timesonline.co.uk,Genderqueer,90
662,Rhonda,Albutt,ralbuttid@squidoo.com,Polygender,71
663,Angelique,Cromar,acromarie@netscape.com,Male,58
664,Maressa,Dobrovolny,mdobrovolnyif@jalbum.net,Agender,74
665,Daniel,Johananov,djohananovig@booking.com,Male,39
666,Ariel,Camock,acamockih@boston.com,Agender,12
667,Kerri,Orrocks,korrocksii@prweb.com,Non-binary,05
668,Bink,Sparwell,bsparwellij@hibu.com,Genderqueer,50
669,Joby,Mullaly,jmullalyik@netlog.com,Male,46
670,Camella,Bugbird,cbugbirdil@infoseek.co.jp,Non-binary,71
671,Jemie,Lipman,jlipmanim@cbsnews.com,Agender,46
672,Maggi,Brognot,mbrognotin@desdev.cn,Bigender,34
673,Torey,Iannelli,tiannelliio@theguardian.com,Female,07
674,Violette,Gotter,vgotterip@house.gov,Bigender,08
675,Dorene,Nortcliffe,dnortcliffeiq@spiegel.de,Agender,58
676,Concordia,Greenall,cgreenallir@simplemachines.org,Bigender,40
677,Guinevere,Siggins,gsigginsis@dot.gov,Polygender,56
678,Maryann,Bowdler,mbowdlerit@163.com,Genderqueer,98
679,Evania,Walak,ewalakiu@nih.gov,Bigender,58
680,Abe,Ollenbuttel,aollenbutteliv@thetimes.co.uk,Agender,31
681,Faulkner,Chalice,fchaliceiw@dedecms.com,Genderqueer,79
682,Coretta,Tuck,ctuckix@prlog.org,Non-binary,77
683,Catherin,Swadon,cswadoniy@wired.com,Genderqueer,88
684,Ludovika,MacAnelley,lmacanelleyiz@samsung.com,Male,95
685,Corby,Crombie,ccrombiej0@gizmodo.com,Non-binary,41
686,David,Branney,dbranneyj1@ft.com,Non-binary,19
687,Polly,Neesham,pneeshamj2@cargocollective.com,Bigender,83
688,Reeba,De Andreis,rdeandreisj3@usatoday.com,Genderqueer,67
689,Daren,Spittle,dspittlej4@parallels.com,Polygender,80
690,Sibby,Forson,sforsonj5@storify.com,Bigender,00
691,Othilia,Cowp,ocowpj6@thetimes.co.uk,Non-binary,28
692,Ara,Grishakin,agrishakinj7@twitpic.com,Bigender,00
693,Darla,Domelow,ddomelowj8@webmd.com,Female,52
694,Ricky,Sarjant,rsarjantj9@sakura.ne.jp,Female,67
695,Bank,Shakspeare,bshakspeareja@google.de,Agender,73
696,Jacques,McMearty,jmcmeartyjb@edublogs.org,Bigender,85
697,Pammi,Luby,plubyjc@wufoo.com,Bigender,28
698,Zachary,Brauner,zbraunerjd@un.org,Male,15
699,Elicia,Kimmel,ekimmelje@netlog.com,Genderfluid,28
700,Roger,Godmer,rgodmerjf@abc.net.au,Male,95
701,Rab,Raoult,rraoultjg@prweb.com,Polygender,44
702,Berk,Aldritt,baldrittjh@msu.edu,Polygender,50
703,Aylmer,Pickrell,apickrellji@hao123.com,Genderqueer,79
704,Cinnamon,Ilett,cilettjj@wikimedia.org,Non-binary,91
705,Olav,Wayper,owayperjk@blog.com,Female,76
706,Lindsay,Borit,lboritjl@addthis.com,Female,53
707,Gilda,Prettyjohns,gprettyjohnsjm@skype.com,Polygender,45
708,Decca,Menis,dmenisjn@weather.com,Male,91
709,Karney,Mallatratt,kmallatrattjo@photobucket.com,Agender,51
710,Ciro,Balassa,cbalassajp@google.co.jp,Polygender,49
711,Jerry,Espley,jespleyjq@qq.com,Male,46
712,Addison,Mackilpatrick,amackilpatrickjr@macromedia.com,Non-binary,77
713,Cloe,Entwistle,centwistlejs@networkadvertising.org,Bigender,60
714,Brittany,Saladino,bsaladinojt@drupal.org,Bigender,83
715,Nonie,MacScherie,nmacscherieju@fotki.com,Male,68
716,Suzi,Penwarden,spenwardenjv@berkeley.edu,Genderfluid,45
717,Klemens,McGriele,kmcgrielejw@hugedomains.com,Agender,22
718,Mohammed,Flanner,mflannerjx@abc.net.au,Male,30
719,Papageno,Bartol,pbartoljy@examiner.com,Non-binary,57
720,Madlin,Pottes,mpottesjz@about.me,Genderqueer,27
721,Granville,Challen,gchallenk0@wired.com,Polygender,57
722,Kathye,Punter,kpunterk1@1688.com,Polygender,06
723,Ximenes,Napolione,xnapolionek2@chicagotribune.com,Polygender,13
724,Talya,Arger,targerk3@bloglovin.com,Male,63
725,Hally,Leeming,hleemingk4@nydailynews.com,Agender,50
726,Melita,Hymans,mhymansk5@intel.com,Agender,82
727,Hillard,Dunnet,hdunnetk6@spotify.com,Polygender,38
728,Stearne,Link,slinkk7@businesswire.com,Polygender,38
729,Penny,Harbord,pharbordk8@google.com.br,Genderqueer,21
730,Elenore,Boal,eboalk9@behance.net,Female,88
731,Saundra,Dungee,sdungeeka@unesco.org,Bigender,82
732,Randolph,Elcock,relcockkb@chronoengine.com,Genderqueer,63
733,Rosalynd,Hundell,rhundellkc@123-reg.co.uk,Bigender,22
734,Jsandye,Laverick,jlaverickkd@jiathis.com,Female,63
735,Zia,Edinboro,zedinboroke@fema.gov,Female,31
736,Wallie,McCrillis,wmccrilliskf@npr.org,Genderfluid,00
737,Fidela,Minifie,fminifiekg@ca.gov,Bigender,31
738,Freddie,Seares,fseareskh@canalblog.com,Genderqueer,74
739,Adams,Skeermor,askeermorki@hud.gov,Agender,80
740,Ginnifer,Forbear,gforbearkj@prnewswire.com,Female,13
741,Larissa,Blackey,lblackeykk@w3.org,Polygender,02
742,Domini,While,dwhilekl@mashable.com,Polygender,25
743,Harmony,Heaford,hheafordkm@alexa.com,Agender,29
744,Bessy,Leemans,bleemanskn@tumblr.com,Non-binary,77
745,Mignon,Deaves,mdeavesko@simplemachines.org,Non-binary,10
746,Bat,Greenshields,bgreenshieldskp@infoseek.co.jp,Genderfluid,38
747,Graham,Desmond,gdesmondkq@wufoo.com,Non-binary,01
748,Berton,Battisson,bbattissonkr@barnesandnoble.com,Polygender,80
749,Ignacius,Harnett,iharnettks@epa.gov,Polygender,44
750,Vernen,Yate,vyatekt@goo.ne.jp,Male,36
751,Jody,Leyfield,jleyfieldku@ovh.net,Non-binary,30
752,Duff,Boddis,dboddiskv@mozilla.org,Bigender,39
753,Arliene,Packer,apackerkw@bloglovin.com,Genderfluid,07
754,Tera,Abbis,tabbiskx@github.io,Female,22
755,Tiebold,Batecok,tbatecokky@shareasale.com,Male,26
756,Harold,Pococke,hpocockekz@ox.ac.uk,Bigender,90
757,Risa,Bohlje,rbohljel0@blinklist.com,Female,15
758,Quillan,Burdis,qburdisl1@boston.com,Agender,32
759,Nanete,Hassen,nhassenl2@cbsnews.com,Male,50
760,Patricio,Cromie,pcromiel3@jugem.jp,Male,04
761,Phylys,Andriss,pandrissl4@rediff.com,Agender,19
762,Timothea,Stellman,tstellmanl5@yandex.ru,Non-binary,08
763,Bronny,Dearle,bdearlel6@skyrock.com,Female,95
764,Kiele,Francescoccio,kfrancescocciol7@bigcartel.com,Male,20
765,Jacinta,Tremathack,jtremathackl8@techcrunch.com,Non-binary,85
766,Victor,Custard,vcustardl9@jugem.jp,Genderfluid,23
767,Missy,Ciardo,mciardola@360.cn,Agender,84
768,Yurik,Smale,ysmalelb@utexas.edu,Genderfluid,26
769,Jocelyn,Dehmel,jdehmellc@geocities.jp,Bigender,64
770,Henderson,Chadwen,hchadwenld@cargocollective.com,Agender,73
771,Dalli,Crumb,dcrumble@wikimedia.org,Agender,50
772,Alvin,Cozby,acozbylf@networkadvertising.org,Bigender,79
773,Roger,Simpkins,rsimpkinslg@example.com,Male,43
774,Fernanda,Wales,fwaleslh@bluehost.com,Bigender,68
775,Roshelle,Foskin,rfoskinli@netscape.com,Female,14
776,Malinda,Pesic,mpesiclj@exblog.jp,Non-binary,21
777,Vail,Varden,vvardenlk@studiopress.com,Agender,72
778,Bartholomeus,Neubigin,bneubiginll@ca.gov,Female,91
779,Gustaf,Eatherton,geathertonlm@goo.ne.jp,Polygender,64
780,Warren,Patroni,wpatroniln@artisteer.com,Agender,24
781,Bibbie,Corlett,bcorlettlo@princeton.edu,Non-binary,90
782,Tierney,Maddra,tmaddralp@hostgator.com,Non-binary,78
783,Noe,Enochsson,nenochssonlq@reddit.com,Genderqueer,88
784,Tracey,Waters,twaterslr@ow.ly,Agender,36
785,Vania,Rae,vraels@usatoday.com,Polygender,24
786,Levy,Brandts,lbrandtslt@epa.gov,Genderfluid,09
787,Xylina,Maple,xmaplelu@alexa.com,Agender,07
788,Charline,Tatem,ctatemlv@wikia.com,Polygender,24
789,Roselin,Rediers,rredierslw@behance.net,Male,74
790,Claus,Cannavan,ccannavanlx@biblegateway.com,Non-binary,08
791,Reena,Branca,rbrancaly@multiply.com,Female,77
792,Ed,Gillingham,egillinghamlz@wp.com,Bigender,53
793,Joete,Spowart,jspowartm0@nasa.gov,Bigender,37
794,Elbertina,Snel,esnelm1@imageshack.us,Genderqueer,51
795,Lilyan,Bumford,lbumfordm2@last.fm,Male,29
796,Gerri,Goldstone,ggoldstonem3@arstechnica.com,Genderfluid,22
797,Julio,Watton,jwattonm4@icio.us,Bigender,05
798,Towney,Males,tmalesm5@ucoz.ru,Female,00
799,Kyla,Dimnage,kdimnagem6@php.net,Male,55
800,Saloma,Dunsire,sdunsirem7@vinaora.com,Female,93
801,Cleveland,Birk,cbirkm8@bbc.co.uk,Genderfluid,78
802,Emelina,Pfaff,epfaffm9@admin.ch,Polygender,38
803,Hermann,Skeldon,hskeldonma@gizmodo.com,Non-binary,50
804,August,Baldinotti,abaldinottimb@admin.ch,Bigender,92
805,Rafferty,Reglar,rreglarmc@about.com,Bigender,76
806,Mile,Worgan,mworganmd@craigslist.org,Female,61
807,Barret,Solan,bsolanme@vimeo.com,Genderqueer,69
808,Sheri,Gartenfeld,sgartenfeldmf@github.com,Female,80
809,Daryl,Stowell,dstowellmg@360.cn,Non-binary,58
810,Arlena,Manderson,amandersonmh@ucsd.edu,Bigender,61
811,Bridget,Saul,bsaulmi@symantec.com,Polygender,31
812,Nicolea,Snepp,nsneppmj@vimeo.com,Male,18
813,Adelaide,Tregenna,atregennamk@plala.or.jp,Female,39
814,Lief,Kleinhaut,lkleinhautml@yelp.com,Male,42
815,Reinald,Vasile,rvasilemm@typepad.com,Non-binary,86
816,Marvin,Girardey,mgirardeymn@ycombinator.com,Bigender,30
817,Monro,Queyeiro,mqueyeiromo@bandcamp.com,Agender,42
818,Nita,Lummasana,nlummasanamp@jimdo.com,Bigender,06
819,Danice,Jelfs,djelfsmq@creativecommons.org,Non-binary,33
820,Mordecai,Crampsy,mcrampsymr@yellowbook.com,Non-binary,74
821,Alena,Cobby,acobbyms@google.nl,Genderfluid,21
822,Wilmette,Juschke,wjuschkemt@dedecms.com,Genderfluid,47
823,Syman,Chilvers,schilversmu@jimdo.com,Genderfluid,32
824,Alika,Arnowicz,aarnowiczmv@epa.gov,Genderfluid,83
825,Jocelyn,Kenyam,jkenyammw@imageshack.us,Genderfluid,73
826,Aveline,Whitmore,awhitmoremx@networksolutions.com,Male,44
827,Moe,Trymme,mtrymmemy@comcast.net,Non-binary,52
828,Frankie,Metham,fmethammz@liveinternet.ru,Non-binary,63
829,Madison,MacAllan,mmacallann0@webmd.com,Polygender,33
830,Domeniga,Robelow,drobelown1@edublogs.org,Polygender,17
831,Conny,Ochterlony,cochterlonyn2@amazon.de,Polygender,21
832,Doy,Cambling,dcamblingn3@addtoany.com,Male,49
833,Orella,Riddel,oriddeln4@alexa.com,Male,16
834,Barrett,Alasdair,balasdairn5@uol.com.br,Genderqueer,31
835,Abbot,Rowes,arowesn6@japanpost.jp,Male,00
836,Julianna,Reaney,jreaneyn7@zdnet.com,Genderqueer,35
837,Toiboid,Sabati,tsabatin8@youku.com,Agender,34
838,Hedwiga,Farndale,hfarndalen9@oracle.com,Male,82
839,Adelina,Franses,afransesna@dion.ne.jp,Polygender,83
840,Corrie,Jepp,cjeppnb@japanpost.jp,Non-binary,41
841,Elfreda,Fulks,efulksnc@spiegel.de,Male,82
842,Bathsheba,Paler,bpalernd@nature.com,Polygender,56
843,Perri,Hancock,phancockne@opensource.org,Male,44
844,Madelaine,Siggens,msiggensnf@free.fr,Male,50
845,Kelci,Iscowitz,kiscowitzng@ucoz.com,Polygender,98
846,Boycey,Choffin,bchoffinnh@booking.com,Genderfluid,22
847,Ottilie,Mathissen,omathissenni@utexas.edu,Bigender,58
848,Susanetta,de Broke,sdebrokenj@un.org,Non-binary,88
849,Diego,Skough,dskoughnk@barnesandnoble.com,Non-binary,89
850,Lorraine,Kolodziejski,lkolodziejskinl@wikimedia.org,Genderfluid,83
851,Garek,Brombell,gbrombellnm@woothemes.com,Female,49
852,Rab,Mongenot,rmongenotnn@usda.gov,Bigender,27
853,Annadiane,O'Dowgaine,aodowgaineno@noaa.gov,Genderqueer,97
854,Kerwin,Scimone,kscimonenp@reference.com,Male,53
855,Liana,Wreath,lwreathnq@noaa.gov,Agender,88
856,Tabitha,Vedekhin,tvedekhinnr@webeden.co.uk,Non-binary,22
857,Ki,Bowlas,kbowlasns@livejournal.com,Polygender,82
858,Claude,Brasher,cbrashernt@printfriendly.com,Male,59
859,Wilt,Newton,wnewtonnu@yelp.com,Non-binary,02
860,Lynett,Gerrelts,lgerreltsnv@sfgate.com,Non-binary,54
861,Gery,Tilt,gtiltnw@upenn.edu,Bigender,99
862,Jerrold,Horbart,jhorbartnx@msu.edu,Female,70
863,Lindsay,Butter,lbutterny@ameblo.jp,Agender,19
864,Sabine,Fidell,sfidellnz@amazon.com,Genderqueer,34
865,Jolyn,Sidaway,jsidawayo0@digg.com,Male,92
866,Blaire,Lempenny,blempennyo1@thetimes.co.uk,Genderqueer,39
867,Amargo,Briscoe,abriscoeo2@xing.com,Non-binary,67
868,Roze,Stolte,rstolteo3@phoca.cz,Non-binary,51
869,Lonni,Donnison,ldonnisono4@hugedomains.com,Male,12
870,Wenda,Poone,wpooneo5@webs.com,Genderfluid,55
871,Shelia,Milberry,smilberryo6@ted.com,Female,32
872,Forester,Girault,fgiraulto7@mozilla.com,Genderfluid,91
873,Reyna,Meneghelli,rmeneghellio8@cmu.edu,Non-binary,75
874,Joye,Chamley,jchamleyo9@sbwire.com,Polygender,62
875,Bucky,Raynor,braynoroa@cbsnews.com,Male,40
876,Merilyn,Richemont,mrichemontob@sciencedaily.com,Genderfluid,99
877,Mae,Offin,moffinoc@icio.us,Male,10
878,Carma,Dinning,cdinningod@microsoft.com,Polygender,85
879,Timothee,Riglar,triglaroe@nih.gov,Female,23
880,Cassie,Checo,cchecoof@netvibes.com,Polygender,29
881,Cherilynn,Hugnot,chugnotog@mac.com,Non-binary,22
882,Talbert,Lainton,tlaintonoh@wp.com,Bigender,09
883,Filippa,Braunle,fbraunleoi@artisteer.com,Female,92
884,Kaela,Harfleet,kharfleetoj@biblegateway.com,Bigender,82
885,Garold,Cecely,gcecelyok@goo.ne.jp,Genderqueer,36
886,Martha,Rickarsey,mrickarseyol@ucla.edu,Non-binary,67
887,Graig,Skypp,gskyppom@photobucket.com,Non-binary,63
888,Mart,Barts,mbartson@cisco.com,Female,27
889,Knox,Ricoald,kricoaldoo@simplemachines.org,Agender,52
890,Salomo,Geggus,sgeggusop@a8.net,Non-binary,71
891,Konstance,McNeice,kmcneiceoq@mac.com,Agender,49
892,Ingelbert,Tommen,itommenor@php.net,Agender,23
893,Frank,Oman,fomanos@earthlink.net,Bigender,86
894,Flossy,Whitaker,fwhitakerot@tripod.com,Non-binary,37
895,Haywood,Blunsen,hblunsenou@apache.org,Genderqueer,25
896,Bryn,Baiden,bbaidenov@google.ru,Agender,63
897,Gretchen,Dade,gdadeow@businesswire.com,Non-binary,43
898,Sherman,Seignior,sseigniorox@chicagotribune.com,Agender,93
899,Ardith,Kolczynski,akolczynskioy@surveymonkey.com,Female,78
900,Early,Laffin,elaffinoz@amazon.com,Agender,02
901,Jae,Simmans,jsimmansp0@a8.net,Genderqueer,72
902,Meredith,Bernetti,mbernettip1@qq.com,Female,36
903,Shurlocke,Carlsson,scarlssonp2@cdbaby.com,Polygender,38
904,Madlin,Fitzsimon,mfitzsimonp3@tripod.com,Non-binary,74
905,Bernete,Leasor,bleasorp4@indiatimes.com,Polygender,48
906,Davidson,Dickon,ddickonp5@china.com.cn,Female,45
907,Lynde,Calderhead,lcalderheadp6@howstuffworks.com,Polygender,24
908,Sherman,Dermot,sdermotp7@europa.eu,Bigender,97
909,Ban,Kamall,bkamallp8@tuttocitta.it,Genderqueer,38
910,Flor,Roll,frollp9@bbc.co.uk,Polygender,05
911,Lesley,Rosi,lrosipa@hp.com,Polygender,53
912,Joane,Kyngdon,jkyngdonpb@sogou.com,Genderfluid,29
913,Shirleen,Oldall,soldallpc@ovh.net,Female,31
914,Netta,Lindbergh,nlindberghpd@so-net.ne.jp,Male,33
915,Gloriana,Alejandri,galejandripe@theguardian.com,Genderfluid,94
916,Quintus,Trude,qtrudepf@examiner.com,Genderfluid,44
917,Sonny,Collet,scolletpg@twitter.com,Non-binary,27
918,Justis,Brahmer,jbrahmerph@columbia.edu,Genderfluid,32
919,Jacqueline,Merioth,jmeriothpi@posterous.com,Polygender,31
920,Orsola,Seathwright,oseathwrightpj@free.fr,Bigender,91
921,Richy,Addlestone,raddlestonepk@cpanel.net,Polygender,61
922,Dannye,McEnery,dmcenerypl@thetimes.co.uk,Non-binary,57
923,Nell,Berget,nbergetpm@technorati.com,Female,95
924,Thorstein,Chislett,tchislettpn@techcrunch.com,Agender,19
925,Adeline,McManus,amcmanuspo@china.com.cn,Male,32
926,Taber,Flowers,tflowerspp@ucla.edu,Agender,52
927,Emerson,Haestier,ehaestierpq@gizmodo.com,Genderfluid,22
928,Elenore,Stranger,estrangerpr@ucoz.ru,Bigender,96
929,Aurelea,MacScherie,amacscherieps@oaic.gov.au,Bigender,52
930,Miguelita,Urch,murchpt@ovh.net,Polygender,11
931,Doralynne,Moyes,dmoyespu@creativecommons.org,Male,14
932,Ernesto,Stuchburie,estuchburiepv@mysql.com,Genderfluid,14
933,Alberta,Wilden,awildenpw@so-net.ne.jp,Agender,40
934,Pancho,Leavesley,pleavesleypx@purevolume.com,Agender,02
935,Worth,Anselm,wanselmpy@whitehouse.gov,Bigender,11
936,Davidson,Walicki,dwalickipz@sciencedaily.com,Polygender,29
937,Kizzee,Halliburton,khalliburtonq0@mysql.com,Genderfluid,71
938,Tammi,Wilcox,twilcoxq1@cyberchimps.com,Female,81
939,Hatty,McCormack,hmccormackq2@bloglines.com,Male,29
940,Shoshana,O'Dyvoy,sodyvoyq3@feedburner.com,Female,37
941,Arvy,Troy,atroyq4@biglobe.ne.jp,Male,51
942,Kylie,Ludron,kludronq5@ask.com,Male,44
943,Bryana,Enderlein,benderleinq6@exblog.jp,Agender,01
944,Sayer,Titford,stitfordq7@walmart.com,Bigender,71
945,Kiel,McWilliam,kmcwilliamq8@jigsy.com,Agender,19
946,Porty,Cunde,pcundeq9@nydailynews.com,Female,88
947,Yul,Dennerly,ydennerlyqa@php.net,Agender,68
948,Stuart,Starkey,sstarkeyqb@live.com,Bigender,58
949,Borden,Gomer,bgomerqc@scientificamerican.com,Non-binary,39
950,Dacia,Khomich,dkhomichqd@ycombinator.com,Female,69
951,Brigham,Garside,bgarsideqe@cnn.com,Male,60
952,Muffin,Gytesham,mgyteshamqf@mediafire.com,Female,30
953,Daniella,Hayball,dhayballqg@newsvine.com,Non-binary,46
954,Jacinda,Benian,jbenianqh@qq.com,Male,46
955,Clo,Matuskiewicz,cmatuskiewiczqi@google.it,Polygender,42
956,Isaiah,Hunstone,ihunstoneqj@example.com,Agender,97
957,Rubia,Yukhin,ryukhinqk@miibeian.gov.cn,Female,27
958,Humfrey,Braybrookes,hbraybrookesql@sourceforge.net,Genderqueer,87
959,Marven,Bridgstock,mbridgstockqm@nhs.uk,Female,31
960,Bo,Wren,bwrenqn@jalbum.net,Male,79
961,Tatiana,McWard,tmcwardqo@wordpress.org,Polygender,68
962,Etheline,Van de Vlies,evandevliesqp@nature.com,Genderfluid,38
963,Elke,Ritson,eritsonqq@indiegogo.com,Bigender,20
964,Case,Lehmann,clehmannqr@google.com.au,Non-binary,29
965,Jamaal,Greatbanks,jgreatbanksqs@usgs.gov,Non-binary,71
966,Wendy,MacGillacolm,wmacgillacolmqt@soundcloud.com,Male,77
967,Layton,Oddboy,loddboyqu@lycos.com,Polygender,85
968,Simmonds,Dunford,sdunfordqv@weather.com,Agender,75
969,Cynthie,Denge,cdengeqw@comcast.net,Agender,14
970,Benjamen,Pitrollo,bpitrolloqx@marriott.com,Agender,59
971,Cassandra,Bacup,cbacupqy@csmonitor.com,Non-binary,74
972,Minnaminnie,Patrick,mpatrickqz@php.net,Male,40
973,Xaviera,Breche,xbrecher0@surveymonkey.com,Non-binary,52
974,Jessi,Kiossel,jkiosselr1@weebly.com,Agender,10
975,Ruth,Ebbers,rebbersr2@biglobe.ne.jp,Bigender,52
976,Dora,De Blasio,ddeblasior3@nyu.edu,Agender,39
977,Kizzie,Dunning,kdunningr4@cyberchimps.com,Agender,80
978,Paulita,Dodwell,pdodwellr5@ifeng.com,Non-binary,98
979,Clint,Southorn,csouthornr6@rakuten.co.jp,Genderfluid,43
980,Fraze,Hemeret,fhemeretr7@shinystat.com,Genderfluid,76
981,Mathilda,Francais,mfrancaisr8@independent.co.uk,Genderfluid,33
982,Glynda,Syddall,gsyddallr9@businesswire.com,Polygender,47
983,Jeffie,Tofts,jtoftsra@flickr.com,Agender,72
984,Cecilio,Wisdish,cwisdishrb@shop-pro.jp,Non-binary,25
985,Richie,Jeskin,rjeskinrc@vinaora.com,Agender,29
986,Toiboid,Durrington,tdurringtonrd@usda.gov,Genderqueer,24
987,Lesli,Minchindon,lminchindonre@ebay.co.uk,Genderfluid,65
988,Genevieve,MacDiarmid,gmacdiarmidrf@reference.com,Polygender,86
989,Avram,Streatfield,astreatfieldrg@state.gov,Genderfluid,45
990,Albertine,Scalera,ascalerarh@shinystat.com,Genderfluid,51
991,Joshuah,De Carteret,jdecarteretri@chronoengine.com,Bigender,71
992,Alissa,Pulver,apulverrj@goo.gl,Genderqueer,69
993,Alaine,Priter,apriterrk@sciencedaily.com,Male,27
994,Corrina,Barkess,cbarkessrl@foxnews.com,Agender,43
995,Austin,Lent,alentrm@engadget.com,Non-binary,12
996,Ulberto,Goodlad,ugoodladrn@chicagotribune.com,Bigender,30
997,Emilie,Walkden,ewalkdenro@dropbox.com,Bigender,04
998,Cobby,Rosenfrucht,crosenfruchtrp@craigslist.org,Non-binary,99
999,Tilly,Affleck,taffleckrq@umn.edu,Agender,08
1000,Isa,Jeggo,ijeggorr@answers.com,Polygender,71
